combo,case_id,region,degradation,det_iou,ocr_text,gt_text,exact_match,char_acc,det_latency_ms,ocr_latency_ms,total_latency_ms
current (yolo-v9-t-384 + cct-xs-v2),us_wts-lg-000148,us,clean,0.793,6TIX874,6TIX874,True,1.0,32.88,4.26,37.14
current (yolo-v9-t-384 + cct-xs-v2),us_wts-lg-000148,us,motion_blur,0.791,ATT8371,6TIX874,False,0.286,28.45,3.9,32.35
current (yolo-v9-t-384 + cct-xs-v2),us_wts-lg-000148,us,defocus_blur,0.841,,6TIX874,False,0.0,28.34,3.76,32.11
current (yolo-v9-t-384 + cct-xs-v2),us_wts-lg-000148,us,low_res,0.807,,6TIX874,False,0.0,29.88,3.57,33.45
current (yolo-v9-t-384 + cct-xs-v2),us_wts-lg-000148,us,noise,0.816,6TTX874,6TIX874,False,0.857,57.78,8.05,65.84
current (yolo-v9-t-384 + cct-xs-v2),us_wts-lg-000148,us,jpeg_compression,0.793,6TTX874,6TIX874,False,0.857,32.72,5.0,37.72
current (yolo-v9-t-384 + cct-xs-v2),us_wts-lg-000148,us,under_exposure,0.833,6TTX874,6TIX874,False,0.857,30.62,3.9,34.52
current (yolo-v9-t-384 + cct-xs-v2),us_wts-lg-000148,us,over_exposure,0.778,6TIX874,6TIX874,True,1.0,30.06,3.89,33.95
current (yolo-v9-t-384 + cct-xs-v2),us_wts-lg-000148,us,perspective,0.751,6TTX874,6TIX874,False,0.857,28.76,6.24,35.0
current (yolo-v9-t-384 + cct-xs-v2),us_wts-lg-000148,us,combined_hard,0.877,,6TIX874,False,0.0,28.12,3.23,31.36
current (yolo-v9-t-384 + cct-xs-v2),us_wts-lg-000016,us,clean,0.894,DL3C2Z,DL3C2Z,True,1.0,26.97,3.78,30.75
current (yolo-v9-t-384 + cct-xs-v2),us_wts-lg-000016,us,motion_blur,0.866,,DL3C2Z,False,0.0,25.46,3.61,29.07
current (yolo-v9-t-384 + cct-xs-v2),us_wts-lg-000016,us,defocus_blur,0.508,,DL3C2Z,False,0.0,24.07,3.14,27.21
current (yolo-v9-t-384 + cct-xs-v2),us_wts-lg-000016,us,low_res,0.802,11111,DL3C2Z,False,0.0,26.15,3.12,29.27
current (yolo-v9-t-384 + cct-xs-v2),us_wts-lg-000016,us,noise,0.0,DL3C27,DL3C2Z,False,0.833,22.17,3.18,25.35
current (yolo-v9-t-384 + cct-xs-v2),us_wts-lg-000016,us,jpeg_compression,0.813,DLJC2Z,DL3C2Z,False,0.833,26.54,3.83,30.37
current (yolo-v9-t-384 + cct-xs-v2),us_wts-lg-000016,us,under_exposure,0.843,DL3C27,DL3C2Z,False,0.833,29.52,4.21,33.73
current (yolo-v9-t-384 + cct-xs-v2),us_wts-lg-000016,us,over_exposure,0.937,DL3C2Z,DL3C2Z,True,1.0,28.48,3.11,31.58
current (yolo-v9-t-384 + cct-xs-v2),us_wts-lg-000016,us,perspective,0.642,DL3C2Z,DL3C2Z,True,1.0,28.42,3.1,31.53
current (yolo-v9-t-384 + cct-xs-v2),us_wts-lg-000016,us,combined_hard,0.0,,DL3C2Z,False,0.0,32.74,3.61,36.35
current (yolo-v9-t-384 + cct-xs-v2),us_wts-lg-000010,us,clean,0.866,HH9G5W,HH9G5W,True,1.0,29.11,3.77,32.88
current (yolo-v9-t-384 + cct-xs-v2),us_wts-lg-000010,us,motion_blur,0.752,,HH9G5W,False,0.0,27.2,3.74,30.94
current (yolo-v9-t-384 + cct-xs-v2),us_wts-lg-000010,us,defocus_blur,0.767,,HH9G5W,False,0.0,27.78,2.95,30.73
current (yolo-v9-t-384 + cct-xs-v2),us_wts-lg-000010,us,low_res,0.86,HHH834,HH9G5W,False,0.333,29.1,3.11,32.22
current (yolo-v9-t-384 + cct-xs-v2),us_wts-lg-000010,us,noise,0.742,HH9G5W,HH9G5W,True,1.0,26.33,3.19,29.52
current (yolo-v9-t-384 + cct-xs-v2),us_wts-lg-000010,us,jpeg_compression,0.853,HH9G5W,HH9G5W,True,1.0,28.7,3.57,32.27
current (yolo-v9-t-384 + cct-xs-v2),us_wts-lg-000010,us,under_exposure,0.866,HH9G5W,HH9G5W,True,1.0,26.89,3.69,30.59
current (yolo-v9-t-384 + cct-xs-v2),us_wts-lg-000010,us,over_exposure,0.845,HH9G5W,HH9G5W,True,1.0,29.07,3.55,32.62
current (yolo-v9-t-384 + cct-xs-v2),us_wts-lg-000010,us,perspective,0.602,HH9G5W,HH9G5W,True,1.0,22.32,3.59,25.91
current (yolo-v9-t-384 + cct-xs-v2),us_wts-lg-000010,us,combined_hard,0.724,,HH9G5W,False,0.0,60.09,4.46,64.55
current (yolo-v9-t-384 + cct-xs-v2),us_car3,us,clean,0.811,1AMW240,1AMW240,True,1.0,22.79,3.7,26.5
current (yolo-v9-t-384 + cct-xs-v2),us_car3,us,motion_blur,0.785,ML3A7,1AMW240,False,0.143,24.54,3.73,28.27
current (yolo-v9-t-384 + cct-xs-v2),us_car3,us,defocus_blur,0.766,,1AMW240,False,0.0,28.36,8.01,36.37
current (yolo-v9-t-384 + cct-xs-v2),us_car3,us,low_res,0.838,EW119,1AMW240,False,0.143,28.58,3.56,32.14
current (yolo-v9-t-384 + cct-xs-v2),us_car3,us,noise,0.852,1AMW240,1AMW240,True,1.0,28.24,3.53,31.77
current (yolo-v9-t-384 + cct-xs-v2),us_car3,us,jpeg_compression,0.788,1AMW240,1AMW240,True,1.0,25.34,3.63,28.97
current (yolo-v9-t-384 + cct-xs-v2),us_car3,us,under_exposure,0.852,1AMW240,1AMW240,True,1.0,27.18,3.86,31.03
current (yolo-v9-t-384 + cct-xs-v2),us_car3,us,over_exposure,0.812,1AMW240,1AMW240,True,1.0,29.37,3.78,33.15
current (yolo-v9-t-384 + cct-xs-v2),us_car3,us,perspective,0.56,1AMW240,1AMW240,True,1.0,24.66,6.98,31.64
current (yolo-v9-t-384 + cct-xs-v2),us_car3,us,combined_hard,0.723,JA112AL,1AMW240,False,0.286,41.4,5.0,46.41
current (yolo-v9-t-384 + cct-xs-v2),us_wts-lg-000048,us,clean,0.881,FE5R2D,FE5R2D,True,1.0,30.46,3.92,34.37
current (yolo-v9-t-384 + cct-xs-v2),us_wts-lg-000048,us,motion_blur,0.732,,FE5R2D,False,0.0,29.29,3.88,33.17
current (yolo-v9-t-384 + cct-xs-v2),us_wts-lg-000048,us,defocus_blur,0.802,,FE5R2D,False,0.0,26.1,3.83,29.93
current (yolo-v9-t-384 + cct-xs-v2),us_wts-lg-000048,us,low_res,0.869,,FE5R2D,False,0.0,27.35,3.72,31.07
current (yolo-v9-t-384 + cct-xs-v2),us_wts-lg-000048,us,noise,0.897,FE5R2D,FE5R2D,True,1.0,26.26,3.52,29.78
current (yolo-v9-t-384 + cct-xs-v2),us_wts-lg-000048,us,jpeg_compression,0.897,FE5R2D,FE5R2D,True,1.0,27.07,3.37,30.44
current (yolo-v9-t-384 + cct-xs-v2),us_wts-lg-000048,us,under_exposure,0.871,FE5R2D,FE5R2D,True,1.0,27.9,3.49,31.39
current (yolo-v9-t-384 + cct-xs-v2),us_wts-lg-000048,us,over_exposure,0.885,FE5R2D,FE5R2D,True,1.0,27.84,3.49,31.33
current (yolo-v9-t-384 + cct-xs-v2),us_wts-lg-000048,us,perspective,0.513,FE5R2D,FE5R2D,True,1.0,23.1,3.57,26.67
current (yolo-v9-t-384 + cct-xs-v2),us_wts-lg-000048,us,combined_hard,0.703,,FE5R2D,False,0.0,39.79,4.3,44.09
current (yolo-v9-t-384 + cct-xs-v2),us_car5,us,clean,0.843,59CADI,59CADI,True,1.0,37.43,3.24,40.67
current (yolo-v9-t-384 + cct-xs-v2),us_car5,us,motion_blur,0.754,1551A,59CADI,False,0.167,27.17,3.2,30.37
current (yolo-v9-t-384 + cct-xs-v2),us_car5,us,defocus_blur,0.759,,59CADI,False,0.0,23.54,3.01,26.55
current (yolo-v9-t-384 + cct-xs-v2),us_car5,us,low_res,0.84,SFP11,59CADI,False,0.0,26.82,3.01,29.83
current (yolo-v9-t-384 + cct-xs-v2),us_car5,us,noise,0.821,59CADI,59CADI,True,1.0,21.66,3.51,25.17
current (yolo-v9-t-384 + cct-xs-v2),us_car5,us,jpeg_compression,0.837,59CADI,59CADI,True,1.0,20.49,3.06,23.55
current (yolo-v9-t-384 + cct-xs-v2),us_car5,us,under_exposure,0.832,59CADI,59CADI,True,1.0,20.71,3.52,24.23
current (yolo-v9-t-384 + cct-xs-v2),us_car5,us,over_exposure,0.844,59CADI,59CADI,True,1.0,23.6,2.55,26.15
current (yolo-v9-t-384 + cct-xs-v2),us_car5,us,perspective,0.645,59CADI,59CADI,True,1.0,26.68,2.6,29.27
current (yolo-v9-t-384 + cct-xs-v2),us_car5,us,combined_hard,0.72,,59CADI,False,0.0,26.72,4.46,31.17
current (yolo-v9-t-384 + cct-xs-v2),us_us5,us,clean,0.92,NEILDMND,NEILDMND,True,1.0,27.44,3.37,30.81
current (yolo-v9-t-384 + cct-xs-v2),us_us5,us,motion_blur,0.878,NEIDMND,NEILDMND,False,0.875,26.75,3.63,30.37
current (yolo-v9-t-384 + cct-xs-v2),us_us5,us,defocus_blur,0.929,NE40MO,NEILDMND,False,0.375,23.92,3.48,27.4
current (yolo-v9-t-384 + cct-xs-v2),us_us5,us,low_res,0.911,NEILDMND,NEILDMND,True,1.0,23.53,3.51,27.03
current (yolo-v9-t-384 + cct-xs-v2),us_us5,us,noise,0.853,NEILDMND,NEILDMND,True,1.0,24.42,3.1,27.51
current (yolo-v9-t-384 + cct-xs-v2),us_us5,us,jpeg_compression,0.928,NEILDMND,NEILDMND,True,1.0,28.75,4.03,32.78
current (yolo-v9-t-384 + cct-xs-v2),us_us5,us,under_exposure,0.916,NEILDMND,NEILDMND,True,1.0,24.11,3.55,27.66
current (yolo-v9-t-384 + cct-xs-v2),us_us5,us,over_exposure,0.929,NEILDMND,NEILDMND,True,1.0,26.54,3.76,30.3
current (yolo-v9-t-384 + cct-xs-v2),us_us5,us,perspective,0.695,NEILDMND,NEILDMND,True,1.0,27.45,3.47,30.92
current (yolo-v9-t-384 + cct-xs-v2),us_us5,us,combined_hard,0.817,NEALCMO,NEILDMND,False,0.5,37.05,3.76,40.81
current (yolo-v9-t-384 + cct-xs-v2),us_wts-lg-000061,us,clean,0.853,DK2Z5S,DK2Z5S,True,1.0,28.56,3.14,31.7
current (yolo-v9-t-384 + cct-xs-v2),us_wts-lg-000061,us,motion_blur,0.839,,DK2Z5S,False,0.0,47.53,3.31,50.83
current (yolo-v9-t-384 + cct-xs-v2),us_wts-lg-000061,us,defocus_blur,0.852,,DK2Z5S,False,0.0,27.52,3.64,31.15
current (yolo-v9-t-384 + cct-xs-v2),us_wts-lg-000061,us,low_res,0.863,,DK2Z5S,False,0.0,26.97,3.67,30.64
current (yolo-v9-t-384 + cct-xs-v2),us_wts-lg-000061,us,noise,0.921,DK2Z5S,DK2Z5S,True,1.0,50.01,4.29,54.29
current (yolo-v9-t-384 + cct-xs-v2),us_wts-lg-000061,us,jpeg_compression,0.897,DK2Z5S,DK2Z5S,True,1.0,27.54,3.08,30.62
current (yolo-v9-t-384 + cct-xs-v2),us_wts-lg-000061,us,under_exposure,0.86,DK2Z5S,DK2Z5S,True,1.0,23.42,3.02,26.44
current (yolo-v9-t-384 + cct-xs-v2),us_wts-lg-000061,us,over_exposure,0.844,DK2Z5S,DK2Z5S,True,1.0,22.21,3.43,25.65
current (yolo-v9-t-384 + cct-xs-v2),us_wts-lg-000061,us,perspective,0.725,DK2Z5S,DK2Z5S,True,1.0,29.69,3.54,33.23
current (yolo-v9-t-384 + cct-xs-v2),us_wts-lg-000061,us,combined_hard,0.852,,DK2Z5S,False,0.0,27.01,3.53,30.54
current (yolo-v9-t-384 + cct-xs-v2),us_wts-lg-000137,us,clean,0.932,CWW2245,CWW2245,True,1.0,23.87,3.18,27.05
current (yolo-v9-t-384 + cct-xs-v2),us_wts-lg-000137,us,motion_blur,0.919,HMTTL,CWW2245,False,0.0,20.71,3.74,24.45
current (yolo-v9-t-384 + cct-xs-v2),us_wts-lg-000137,us,defocus_blur,0.901,CWW178,CWW2245,False,0.429,27.04,3.66,30.7
current (yolo-v9-t-384 + cct-xs-v2),us_wts-lg-000137,us,low_res,0.913,EVL445,CWW2245,False,0.286,27.97,3.57,31.55
current (yolo-v9-t-384 + cct-xs-v2),us_wts-lg-000137,us,noise,0.878,CWW2245,CWW2245,True,1.0,27.55,3.17,30.72
current (yolo-v9-t-384 + cct-xs-v2),us_wts-lg-000137,us,jpeg_compression,0.92,CWW2245,CWW2245,True,1.0,27.22,3.86,31.08
current (yolo-v9-t-384 + cct-xs-v2),us_wts-lg-000137,us,under_exposure,0.919,CWW2245,CWW2245,True,1.0,25.05,3.43,28.48
current (yolo-v9-t-384 + cct-xs-v2),us_wts-lg-000137,us,over_exposure,0.945,CWW2245,CWW2245,True,1.0,22.43,2.72,25.15
current (yolo-v9-t-384 + cct-xs-v2),us_wts-lg-000137,us,perspective,0.658,CWW2245,CWW2245,True,1.0,23.93,3.52,27.45
current (yolo-v9-t-384 + cct-xs-v2),us_wts-lg-000137,us,combined_hard,0.919,VWW5744,CWW2245,False,0.429,31.7,3.47,35.16
current (yolo-v9-t-384 + cct-xs-v2),us_wts-lg-000179,us,clean,0.861,SL7J8R,SL7J8R,True,1.0,38.92,4.04,42.96
current (yolo-v9-t-384 + cct-xs-v2),us_wts-lg-000179,us,motion_blur,0.85,,SL7J8R,False,0.0,27.02,3.58,30.6
current (yolo-v9-t-384 + cct-xs-v2),us_wts-lg-000179,us,defocus_blur,0.831,,SL7J8R,False,0.0,27.36,3.57,30.94
current (yolo-v9-t-384 + cct-xs-v2),us_wts-lg-000179,us,low_res,0.851,,SL7J8R,False,0.0,26.91,3.63,30.54
current (yolo-v9-t-384 + cct-xs-v2),us_wts-lg-000179,us,noise,0.854,SL7J8R,SL7J8R,True,1.0,27.18,4.77,31.95
current (yolo-v9-t-384 + cct-xs-v2),us_wts-lg-000179,us,jpeg_compression,0.861,SL7J8R,SL7J8R,True,1.0,24.84,2.57,27.4
current (yolo-v9-t-384 + cct-xs-v2),us_wts-lg-000179,us,under_exposure,0.851,SL7J8R,SL7J8R,True,1.0,24.6,3.7,28.3
current (yolo-v9-t-384 + cct-xs-v2),us_wts-lg-000179,us,over_exposure,0.842,SL7J8R,SL7J8R,True,1.0,21.82,3.73,25.54
current (yolo-v9-t-384 + cct-xs-v2),us_wts-lg-000179,us,perspective,0.714,SL7J8R,SL7J8R,True,1.0,28.55,4.51,33.06
current (yolo-v9-t-384 + cct-xs-v2),us_wts-lg-000179,us,combined_hard,0.86,,SL7J8R,False,0.0,27.27,3.54,30.81
current (yolo-v9-t-384 + cct-xs-v2),us_wts-lg-000154,us,clean,0.879,1366026,1366026,True,1.0,26.63,3.5,30.13
current (yolo-v9-t-384 + cct-xs-v2),us_wts-lg-000154,us,motion_blur,0.826,T44631,1366026,False,0.143,28.44,3.88,32.32
current (yolo-v9-t-384 + cct-xs-v2),us_wts-lg-000154,us,defocus_blur,0.0,,1366026,False,0.0,20.2,3.66,23.86
current (yolo-v9-t-384 + cct-xs-v2),us_wts-lg-000154,us,low_res,0.746,L551,1366026,False,0.0,26.2,3.08,29.28
current (yolo-v9-t-384 + cct-xs-v2),us_wts-lg-000154,us,noise,0.778,1366026,1366026,True,1.0,36.99,4.71,41.7
current (yolo-v9-t-384 + cct-xs-v2),us_wts-lg-000154,us,jpeg_compression,0.845,1366026,1366026,True,1.0,28.18,3.61,31.79
current (yolo-v9-t-384 + cct-xs-v2),us_wts-lg-000154,us,under_exposure,0.835,1366026,1366026,True,1.0,25.77,3.63,29.39
current (yolo-v9-t-384 + cct-xs-v2),us_wts-lg-000154,us,over_exposure,0.844,1366026,1366026,True,1.0,27.42,3.79,31.21
current (yolo-v9-t-384 + cct-xs-v2),us_wts-lg-000154,us,perspective,0.738,1366026,1366026,True,1.0,26.94,3.52,30.45
current (yolo-v9-t-384 + cct-xs-v2),us_wts-lg-000154,us,combined_hard,0.875,S65777,1366026,False,0.143,34.05,3.48,37.52
current (yolo-v9-t-384 + cct-xs-v2),us_wts-lg-000163,us,clean,0.885,CDK575,CDK575,True,1.0,28.32,3.53,31.86
current (yolo-v9-t-384 + cct-xs-v2),us_wts-lg-000163,us,motion_blur,0.919,TDD1775,CDK575,False,0.333,31.64,3.83,35.47
current (yolo-v9-t-384 + cct-xs-v2),us_wts-lg-000163,us,defocus_blur,0.762,,CDK575,False,0.0,28.05,3.79,31.83
current (yolo-v9-t-384 + cct-xs-v2),us_wts-lg-000163,us,low_res,0.777,EJF575,CDK575,False,0.5,27.1,2.6,29.7
current (yolo-v9-t-384 + cct-xs-v2),us_wts-lg-000163,us,noise,0.861,CDK575,CDK575,True,1.0,23.77,2.84,26.61
current (yolo-v9-t-384 + cct-xs-v2),us_wts-lg-000163,us,jpeg_compression,0.893,CDK575,CDK575,True,1.0,28.08,3.81,31.89
current (yolo-v9-t-384 + cct-xs-v2),us_wts-lg-000163,us,under_exposure,0.91,CDK575,CDK575,True,1.0,27.4,3.17,30.57
current (yolo-v9-t-384 + cct-xs-v2),us_wts-lg-000163,us,over_exposure,0.893,CDK575,CDK575,True,1.0,27.86,3.59,31.45
current (yolo-v9-t-384 + cct-xs-v2),us_wts-lg-000163,us,perspective,0.765,CDK575,CDK575,True,1.0,27.02,3.69,30.71
current (yolo-v9-t-384 + cct-xs-v2),us_wts-lg-000163,us,combined_hard,0.926,TTX6775,CDK575,False,0.167,24.77,2.87,27.65
current (yolo-v9-t-384 + cct-xs-v2),us_12c6cb72-3ea3-49e7-b381-e0cdfc5e8960,us,clean,0.0,OSG719,0SG719,False,0.833,28.91,3.61,32.52
current (yolo-v9-t-384 + cct-xs-v2),us_12c6cb72-3ea3-49e7-b381-e0cdfc5e8960,us,motion_blur,0.0,,0SG719,False,0.0,27.76,3.66,31.42
current (yolo-v9-t-384 + cct-xs-v2),us_12c6cb72-3ea3-49e7-b381-e0cdfc5e8960,us,defocus_blur,0.0,,0SG719,False,0.0,29.0,3.08,32.08
current (yolo-v9-t-384 + cct-xs-v2),us_12c6cb72-3ea3-49e7-b381-e0cdfc5e8960,us,low_res,0.0,,0SG719,False,0.0,27.84,3.62,31.46
current (yolo-v9-t-384 + cct-xs-v2),us_12c6cb72-3ea3-49e7-b381-e0cdfc5e8960,us,noise,0.0,OSG719,0SG719,False,0.833,53.67,5.64,59.31
current (yolo-v9-t-384 + cct-xs-v2),us_12c6cb72-3ea3-49e7-b381-e0cdfc5e8960,us,jpeg_compression,0.0,OSG719,0SG719,False,0.833,28.61,3.87,32.48
current (yolo-v9-t-384 + cct-xs-v2),us_12c6cb72-3ea3-49e7-b381-e0cdfc5e8960,us,under_exposure,0.0,OSG719,0SG719,False,0.833,26.16,3.51,29.67
current (yolo-v9-t-384 + cct-xs-v2),us_12c6cb72-3ea3-49e7-b381-e0cdfc5e8960,us,over_exposure,0.0,OSG719,0SG719,False,0.833,29.65,3.85,33.5
current (yolo-v9-t-384 + cct-xs-v2),us_12c6cb72-3ea3-49e7-b381-e0cdfc5e8960,us,perspective,0.0,OSG719,0SG719,False,0.833,27.98,3.48,31.46
current (yolo-v9-t-384 + cct-xs-v2),us_12c6cb72-3ea3-49e7-b381-e0cdfc5e8960,us,combined_hard,0.0,,0SG719,False,0.0,26.33,3.56,29.9
current (yolo-v9-t-384 + cct-xs-v2),eu_test_072,eu,clean,0.814,4B39376,4B39376,True,1.0,25.29,3.72,29.02
current (yolo-v9-t-384 + cct-xs-v2),eu_test_072,eu,motion_blur,0.752,WLE258,4B39376,False,0.0,21.32,3.83,25.15
current (yolo-v9-t-384 + cct-xs-v2),eu_test_072,eu,defocus_blur,0.679,,4B39376,False,0.0,24.25,3.16,27.41
current (yolo-v9-t-384 + cct-xs-v2),eu_test_072,eu,low_res,0.0,,4B39376,False,0.0,20.14,2.54,22.68
current (yolo-v9-t-384 + cct-xs-v2),eu_test_072,eu,noise,0.806,4B39376,4B39376,True,1.0,22.61,3.72,26.33
current (yolo-v9-t-384 + cct-xs-v2),eu_test_072,eu,jpeg_compression,0.857,4B39376,4B39376,True,1.0,25.55,3.68,29.24
current (yolo-v9-t-384 + cct-xs-v2),eu_test_072,eu,under_exposure,0.904,4B39376,4B39376,True,1.0,25.61,3.52,29.14
current (yolo-v9-t-384 + cct-xs-v2),eu_test_072,eu,over_exposure,0.823,4B39376,4B39376,True,1.0,26.94,3.1,30.04
current (yolo-v9-t-384 + cct-xs-v2),eu_test_072,eu,perspective,0.508,4B39376,4B39376,True,1.0,27.52,3.76,31.28
current (yolo-v9-t-384 + cct-xs-v2),eu_test_072,eu,combined_hard,0.0,,4B39376,False,0.0,26.67,3.82,30.48
current (yolo-v9-t-384 + cct-xs-v2),eu_test_057,eu,clean,0.894,RK300AS,RK300AS,True,1.0,28.68,3.48,32.15
current (yolo-v9-t-384 + cct-xs-v2),eu_test_057,eu,motion_blur,0.835,EA1300,RK300AS,False,0.286,28.03,3.69,31.72
current (yolo-v9-t-384 + cct-xs-v2),eu_test_057,eu,defocus_blur,0.738,,RK300AS,False,0.0,27.87,3.67,31.55
current (yolo-v9-t-384 + cct-xs-v2),eu_test_057,eu,low_res,0.82,WWB111,RK300AS,False,0.0,28.31,3.52,31.84
current (yolo-v9-t-384 + cct-xs-v2),eu_test_057,eu,noise,0.852,RK300AS,RK300AS,True,1.0,26.95,3.4,30.35
current (yolo-v9-t-384 + cct-xs-v2),eu_test_057,eu,jpeg_compression,0.876,RK300AS,RK300AS,True,1.0,28.58,3.2,31.77
current (yolo-v9-t-384 + cct-xs-v2),eu_test_057,eu,under_exposure,0.922,RK300AS,RK300AS,True,1.0,25.76,3.37,29.13
current (yolo-v9-t-384 + cct-xs-v2),eu_test_057,eu,over_exposure,0.852,RK300AS,RK300AS,True,1.0,27.47,3.61,31.08
current (yolo-v9-t-384 + cct-xs-v2),eu_test_057,eu,perspective,0.447,RK300AS,RK300AS,True,1.0,25.75,3.9,29.65
current (yolo-v9-t-384 + cct-xs-v2),eu_test_057,eu,combined_hard,0.851,,RK300AS,False,0.0,22.27,3.69,25.96
current (yolo-v9-t-384 + cct-xs-v2),eu_test_090,eu,clean,0.757,RK550AO,RK550AO,True,1.0,24.89,3.55,28.44
current (yolo-v9-t-384 + cct-xs-v2),eu_test_090,eu,motion_blur,0.925,H5,RK550AO,False,0.143,27.25,3.5,30.75
current (yolo-v9-t-384 + cct-xs-v2),eu_test_090,eu,defocus_blur,0.868,,RK550AO,False,0.0,26.7,3.69,30.39
current (yolo-v9-t-384 + cct-xs-v2),eu_test_090,eu,low_res,0.819,1A1111,RK550AO,False,0.0,27.91,3.54,31.46
current (yolo-v9-t-384 + cct-xs-v2),eu_test_090,eu,noise,0.762,RK550AO,RK550AO,True,1.0,27.28,4.13,31.42
current (yolo-v9-t-384 + cct-xs-v2),eu_test_090,eu,jpeg_compression,0.825,RK550AO,RK550AO,True,1.0,27.96,3.82,31.78
current (yolo-v9-t-384 + cct-xs-v2),eu_test_090,eu,under_exposure,0.752,RK550AO,RK550AO,True,1.0,24.79,3.71,28.5
current (yolo-v9-t-384 + cct-xs-v2),eu_test_090,eu,over_exposure,0.638,RK550AO,RK550AO,True,1.0,22.17,3.86,26.03
current (yolo-v9-t-384 + cct-xs-v2),eu_test_090,eu,perspective,0.534,RK550AO,RK550AO,True,1.0,21.86,3.54,25.4
current (yolo-v9-t-384 + cct-xs-v2),eu_test_090,eu,combined_hard,0.873,RN280AD,RK550AO,False,0.429,21.64,3.66,25.3
current (yolo-v9-t-384 + cct-xs-v2),eu_test_008,eu,clean,0.848,LM298AI,LM298AI,True,1.0,24.13,3.06,27.19
current (yolo-v9-t-384 + cct-xs-v2),eu_test_008,eu,motion_blur,0.851,,LM298AI,False,0.0,21.23,3.13,24.36
current (yolo-v9-t-384 + cct-xs-v2),eu_test_008,eu,defocus_blur,0.95,1,LM298AI,False,0.0,23.93,3.24,27.17
current (yolo-v9-t-384 + cct-xs-v2),eu_test_008,eu,low_res,0.607,,LM298AI,False,0.0,24.01,3.48,27.49
current (yolo-v9-t-384 + cct-xs-v2),eu_test_008,eu,noise,0.822,LM298AI,LM298AI,True,1.0,27.64,3.61,31.26
current (yolo-v9-t-384 + cct-xs-v2),eu_test_008,eu,jpeg_compression,0.841,LM298AI,LM298AI,True,1.0,24.18,3.05,27.24
current (yolo-v9-t-384 + cct-xs-v2),eu_test_008,eu,under_exposure,0.854,LM298AI,LM298AI,True,1.0,26.53,3.14,29.67
current (yolo-v9-t-384 + cct-xs-v2),eu_test_008,eu,over_exposure,0.904,LM298AI,LM298AI,True,1.0,28.5,3.64,32.14
current (yolo-v9-t-384 + cct-xs-v2),eu_test_008,eu,perspective,0.496,LM298AI,LM298AI,True,1.0,24.54,3.57,28.12
current (yolo-v9-t-384 + cct-xs-v2),eu_test_008,eu,combined_hard,0.882,LF2555,LM298AI,False,0.286,28.45,4.01,32.46
current (yolo-v9-t-384 + cct-xs-v2),eu_test_010,eu,clean,0.872,RK248AH,RK248AH,True,1.0,26.74,3.06,29.8
current (yolo-v9-t-384 + cct-xs-v2),eu_test_010,eu,motion_blur,0.754,KK50481,RK248AH,False,0.286,20.04,3.93,23.98
current (yolo-v9-t-384 + cct-xs-v2),eu_test_010,eu,defocus_blur,0.0,,RK248AH,False,0.0,27.1,3.16,30.26
current (yolo-v9-t-384 + cct-xs-v2),eu_test_010,eu,low_res,0.88,5EF111H,RK248AH,False,0.143,26.55,6.89,33.43
current (yolo-v9-t-384 + cct-xs-v2),eu_test_010,eu,noise,0.9,RK248AH,RK248AH,True,1.0,37.12,3.41,40.53
current (yolo-v9-t-384 + cct-xs-v2),eu_test_010,eu,jpeg_compression,0.872,RK248AH,RK248AH,True,1.0,27.79,3.04,30.83
current (yolo-v9-t-384 + cct-xs-v2),eu_test_010,eu,under_exposure,0.878,RK248AH,RK248AH,True,1.0,27.46,2.99,30.44
current (yolo-v9-t-384 + cct-xs-v2),eu_test_010,eu,over_exposure,0.843,RK248AH,RK248AH,True,1.0,21.38,3.52,24.9
current (yolo-v9-t-384 + cct-xs-v2),eu_test_010,eu,perspective,0.346,RK248AH,RK248AH,True,1.0,21.71,3.14,24.86
current (yolo-v9-t-384 + cct-xs-v2),eu_test_010,eu,combined_hard,0.858,F5,RK248AH,False,0.0,21.13,3.46,24.59
current (yolo-v9-t-384 + cct-xs-v2),eu_test_026,eu,clean,0.89,RK492AU,RK492AU,True,1.0,28.65,3.66,32.31
current (yolo-v9-t-384 + cct-xs-v2),eu_test_026,eu,motion_blur,0.748,KM445BA,RK492AU,False,0.143,20.54,3.54,24.08
current (yolo-v9-t-384 + cct-xs-v2),eu_test_026,eu,defocus_blur,0.749,,RK492AU,False,0.0,24.94,3.11,28.05
current (yolo-v9-t-384 + cct-xs-v2),eu_test_026,eu,low_res,0.875,PNM11,RK492AU,False,0.0,24.18,3.61,27.79
current (yolo-v9-t-384 + cct-xs-v2),eu_test_026,eu,noise,0.853,RK492AU,RK492AU,True,1.0,27.09,2.57,29.66
current (yolo-v9-t-384 + cct-xs-v2),eu_test_026,eu,jpeg_compression,0.867,RK492AU,RK492AU,True,1.0,24.36,3.03,27.39
current (yolo-v9-t-384 + cct-xs-v2),eu_test_026,eu,under_exposure,0.875,RK492AU,RK492AU,True,1.0,25.92,2.97,28.9
current (yolo-v9-t-384 + cct-xs-v2),eu_test_026,eu,over_exposure,0.898,RK492AU,RK492AU,True,1.0,24.86,3.19,28.05
current (yolo-v9-t-384 + cct-xs-v2),eu_test_026,eu,perspective,0.671,RK492AU,RK492AU,True,1.0,28.78,2.58,31.37
current (yolo-v9-t-384 + cct-xs-v2),eu_test_026,eu,combined_hard,0.739,FH4930,RK492AU,False,0.286,27.42,3.43,30.84
current (yolo-v9-t-384 + cct-xs-v2),br_OYJ9557,br,clean,0.961,OYJ9557,OYJ9557,True,1.0,26.49,3.06,29.54
current (yolo-v9-t-384 + cct-xs-v2),br_OYJ9557,br,motion_blur,0.944,CYJ9557,OYJ9557,False,0.857,27.3,6.56,33.87
current (yolo-v9-t-384 + cct-xs-v2),br_OYJ9557,br,defocus_blur,0.953,OYJ9557,OYJ9557,True,1.0,29.42,3.6,33.02
current (yolo-v9-t-384 + cct-xs-v2),br_OYJ9557,br,low_res,0.974,DYJ5557,OYJ9557,False,0.714,21.03,3.6,24.63
current (yolo-v9-t-384 + cct-xs-v2),br_OYJ9557,br,noise,0.987,OYJ9557,OYJ9557,True,1.0,24.98,3.41,28.39
current (yolo-v9-t-384 + cct-xs-v2),br_OYJ9557,br,jpeg_compression,0.987,OYJ9557,OYJ9557,True,1.0,28.77,3.37,32.14
current (yolo-v9-t-384 + cct-xs-v2),br_OYJ9557,br,under_exposure,0.918,OYJ9557,OYJ9557,True,1.0,27.81,3.7,31.51
current (yolo-v9-t-384 + cct-xs-v2),br_OYJ9557,br,over_exposure,0.974,OYJ9557,OYJ9557,True,1.0,27.62,3.39,31.01
current (yolo-v9-t-384 + cct-xs-v2),br_OYJ9557,br,perspective,0.523,OYJ9557,OYJ9557,True,1.0,27.62,3.49,31.11
current (yolo-v9-t-384 + cct-xs-v2),br_OYJ9557,br,combined_hard,0.974,DYJ9557,OYJ9557,False,0.857,26.71,3.77,30.48
current (yolo-v9-t-384 + cct-xs-v2),br_JSG9648,br,clean,0.912,JSG9648,JSG9648,True,1.0,23.89,3.36,27.25
current (yolo-v9-t-384 + cct-xs-v2),br_JSG9648,br,motion_blur,0.892,JSG9548,JSG9648,False,0.857,25.38,3.57,28.95
current (yolo-v9-t-384 + cct-xs-v2),br_JSG9648,br,defocus_blur,0.881,JSG9648,JSG9648,True,1.0,29.86,3.79,33.66
current (yolo-v9-t-384 + cct-xs-v2),br_JSG9648,br,low_res,0.978,JSG9648,JSG9648,True,1.0,28.3,3.5,31.8
current (yolo-v9-t-384 + cct-xs-v2),br_JSG9648,br,noise,0.765,JSG9648,JSG9648,True,1.0,29.31,3.86,33.17
current (yolo-v9-t-384 + cct-xs-v2),br_JSG9648,br,jpeg_compression,0.846,JSG9648,JSG9648,True,1.0,28.6,4.54,33.14
current (yolo-v9-t-384 + cct-xs-v2),br_JSG9648,br,under_exposure,0.944,JSG9648,JSG9648,True,1.0,24.94,2.65,27.59
current (yolo-v9-t-384 + cct-xs-v2),br_JSG9648,br,over_exposure,0.896,JSG9648,JSG9648,True,1.0,27.82,3.5,31.32
current (yolo-v9-t-384 + cct-xs-v2),br_JSG9648,br,perspective,0.596,JSG9648,JSG9648,True,1.0,28.13,3.58,31.72
current (yolo-v9-t-384 + cct-xs-v2),br_JSG9648,br,combined_hard,0.88,JSG9648,JSG9648,True,1.0,27.31,3.55,30.86
current (yolo-v9-t-384 + cct-xs-v2),br_OKT3896,br,clean,0.837,OKT3896,OKT3896,True,1.0,29.73,3.61,33.34
current (yolo-v9-t-384 + cct-xs-v2),br_OKT3896,br,motion_blur,0.833,DKT3896,OKT3896,False,0.857,28.7,4.05,32.76
current (yolo-v9-t-384 + cct-xs-v2),br_OKT3896,br,defocus_blur,0.824,OKT3896,OKT3896,True,1.0,20.62,2.57,23.19
current (yolo-v9-t-384 + cct-xs-v2),br_OKT3896,br,low_res,0.846,DKT3896,OKT3896,False,0.857,24.84,3.84,28.67
current (yolo-v9-t-384 + cct-xs-v2),br_OKT3896,br,noise,0.84,OKT3896,OKT3896,True,1.0,25.35,3.72,29.07
current (yolo-v9-t-384 + cct-xs-v2),br_OKT3896,br,jpeg_compression,0.815,OKT3896,OKT3896,True,1.0,26.19,3.59,29.78
current (yolo-v9-t-384 + cct-xs-v2),br_OKT3896,br,under_exposure,0.846,OKT3896,OKT3896,True,1.0,32.12,3.5,35.62
current (yolo-v9-t-384 + cct-xs-v2),br_OKT3896,br,over_exposure,0.879,OKT3896,OKT3896,True,1.0,29.09,3.56,32.65
current (yolo-v9-t-384 + cct-xs-v2),br_OKT3896,br,perspective,0.689,OKT3896,OKT3896,True,1.0,23.55,3.73,27.28
current (yolo-v9-t-384 + cct-xs-v2),br_OKT3896,br,combined_hard,0.813,DKT3896,OKT3896,False,0.857,28.94,3.7,32.64
current (yolo-v9-t-384 + cct-xs-v2),br_OUP9563,br,clean,0.86,OUP9563,OUP9563,True,1.0,22.86,3.6,26.46
current (yolo-v9-t-384 + cct-xs-v2),br_OUP9563,br,motion_blur,0.869,DUP9563,OUP9563,False,0.857,30.55,3.92,34.46
current (yolo-v9-t-384 + cct-xs-v2),br_OUP9563,br,defocus_blur,0.851,DUP9563,OUP9563,False,0.857,26.4,6.18,32.58
current (yolo-v9-t-384 + cct-xs-v2),br_OUP9563,br,low_res,0.891,DUP9563,OUP9563,False,0.857,23.73,3.33,27.06
current (yolo-v9-t-384 + cct-xs-v2),br_OUP9563,br,noise,0.87,OUP9563,OUP9563,True,1.0,28.82,4.57,33.38
current (yolo-v9-t-384 + cct-xs-v2),br_OUP9563,br,jpeg_compression,0.872,OUP9563,OUP9563,True,1.0,22.17,3.76,25.93
current (yolo-v9-t-384 + cct-xs-v2),br_OUP9563,br,under_exposure,0.908,OUP9563,OUP9563,True,1.0,26.89,3.85,30.73
current (yolo-v9-t-384 + cct-xs-v2),br_OUP9563,br,over_exposure,0.84,OUP9563,OUP9563,True,1.0,24.17,3.85,28.02
current (yolo-v9-t-384 + cct-xs-v2),br_OUP9563,br,perspective,0.604,OUP9563,OUP9563,True,1.0,24.24,3.89,28.12
current (yolo-v9-t-384 + cct-xs-v2),br_OUP9563,br,combined_hard,0.898,DUP9563,OUP9563,False,0.857,28.56,3.21,31.77
current (yolo-v9-t-384 + cct-xs-v2),br_PJP2783,br,clean,0.868,PJP2783,PJP2783,True,1.0,27.88,3.85,31.73
current (yolo-v9-t-384 + cct-xs-v2),br_PJP2783,br,motion_blur,0.874,PJP2783,PJP2783,True,1.0,50.13,5.42,55.55
current (yolo-v9-t-384 + cct-xs-v2),br_PJP2783,br,defocus_blur,0.806,PJP2783,PJP2783,True,1.0,27.78,3.39,31.17
current (yolo-v9-t-384 + cct-xs-v2),br_PJP2783,br,low_res,0.849,PJP2783,PJP2783,True,1.0,27.48,3.52,31.0
current (yolo-v9-t-384 + cct-xs-v2),br_PJP2783,br,noise,0.813,PJP2783,PJP2783,True,1.0,30.41,4.66,35.07
current (yolo-v9-t-384 + cct-xs-v2),br_PJP2783,br,jpeg_compression,0.881,PJP2783,PJP2783,True,1.0,25.25,3.61,28.86
current (yolo-v9-t-384 + cct-xs-v2),br_PJP2783,br,under_exposure,0.868,PJP2783,PJP2783,True,1.0,21.68,3.64,25.31
current (yolo-v9-t-384 + cct-xs-v2),br_PJP2783,br,over_exposure,0.744,PJP2783,PJP2783,True,1.0,26.28,3.88,30.15
current (yolo-v9-t-384 + cct-xs-v2),br_PJP2783,br,perspective,0.561,PJP2783,PJP2783,True,1.0,23.11,2.62,25.73
current (yolo-v9-t-384 + cct-xs-v2),br_PJP2783,br,combined_hard,0.885,PJP2783,PJP2783,True,1.0,31.12,4.64,35.76
current (yolo-v9-t-384 + cct-xs-v2),br_PJJ4955,br,clean,0.894,PJJ4955,PJJ4955,True,1.0,21.25,2.79,24.04
current (yolo-v9-t-384 + cct-xs-v2),br_PJJ4955,br,motion_blur,0.883,PJJ4955,PJJ4955,True,1.0,49.8,8.77,58.57
current (yolo-v9-t-384 + cct-xs-v2),br_PJJ4955,br,defocus_blur,0.851,PJJ4955,PJJ4955,True,1.0,26.93,3.63,30.55
current (yolo-v9-t-384 + cct-xs-v2),br_PJJ4955,br,low_res,0.882,PJJ4955,PJJ4955,True,1.0,26.69,3.12,29.82
current (yolo-v9-t-384 + cct-xs-v2),br_PJJ4955,br,noise,0.891,PJJ4955,PJJ4955,True,1.0,22.75,3.05,25.81
current (yolo-v9-t-384 + cct-xs-v2),br_PJJ4955,br,jpeg_compression,0.832,PJJ4955,PJJ4955,True,1.0,24.72,3.57,28.29
current (yolo-v9-t-384 + cct-xs-v2),br_PJJ4955,br,under_exposure,0.868,PJJ4955,PJJ4955,True,1.0,27.68,3.56,31.25
current (yolo-v9-t-384 + cct-xs-v2),br_PJJ4955,br,over_exposure,0.851,PJJ4955,PJJ4955,True,1.0,27.47,3.76,31.23
current (yolo-v9-t-384 + cct-xs-v2),br_PJJ4955,br,perspective,0.57,PJJ4955,PJJ4955,True,1.0,21.55,3.52,25.07
current (yolo-v9-t-384 + cct-xs-v2),br_PJJ4955,br,combined_hard,0.868,PJJ4955,PJJ4955,True,1.0,47.19,8.03,55.22
best-available (yolo-v9-s-608 + cct-s-v2),us_wts-lg-000148,us,clean,0.896,6TIX874,6TIX874,True,1.0,163.06,21.45,184.51
best-available (yolo-v9-s-608 + cct-s-v2),us_wts-lg-000148,us,motion_blur,0.833,AT1821,6TIX874,False,0.286,127.41,17.23,144.63
best-available (yolo-v9-s-608 + cct-s-v2),us_wts-lg-000148,us,defocus_blur,0.915,,6TIX874,False,0.0,166.73,21.82,188.55
best-available (yolo-v9-s-608 + cct-s-v2),us_wts-lg-000148,us,low_res,0.878,,6TIX874,False,0.0,153.06,17.95,171.01
best-available (yolo-v9-s-608 + cct-s-v2),us_wts-lg-000148,us,noise,0.895,6TIX874,6TIX874,True,1.0,139.78,17.29,157.07
best-available (yolo-v9-s-608 + cct-s-v2),us_wts-lg-000148,us,jpeg_compression,0.906,6TTX874,6TIX874,False,0.857,158.09,21.53,179.62
best-available (yolo-v9-s-608 + cct-s-v2),us_wts-lg-000148,us,under_exposure,0.906,6TTX874,6TIX874,False,0.857,149.94,23.54,173.48
best-available (yolo-v9-s-608 + cct-s-v2),us_wts-lg-000148,us,over_exposure,0.869,6TIX874,6TIX874,True,1.0,146.45,20.88,167.33
best-available (yolo-v9-s-608 + cct-s-v2),us_wts-lg-000148,us,perspective,0.719,6TIX874,6TIX874,True,1.0,163.05,18.34,181.39
best-available (yolo-v9-s-608 + cct-s-v2),us_wts-lg-000148,us,combined_hard,0.896,E112644,6TIX874,False,0.143,223.41,21.08,244.49
best-available (yolo-v9-s-608 + cct-s-v2),us_wts-lg-000016,us,clean,0.886,DL3C2Z,DL3C2Z,True,1.0,154.05,21.83,175.88
best-available (yolo-v9-s-608 + cct-s-v2),us_wts-lg-000016,us,motion_blur,0.852,,DL3C2Z,False,0.0,131.96,14.99,146.96
best-available (yolo-v9-s-608 + cct-s-v2),us_wts-lg-000016,us,defocus_blur,0.948,,DL3C2Z,False,0.0,147.68,23.09,170.77
best-available (yolo-v9-s-608 + cct-s-v2),us_wts-lg-000016,us,low_res,0.809,DL1411,DL3C2Z,False,0.333,158.83,19.58,178.42
best-available (yolo-v9-s-608 + cct-s-v2),us_wts-lg-000016,us,noise,0.856,BL3C2Z,DL3C2Z,False,0.833,147.66,22.16,169.81
best-available (yolo-v9-s-608 + cct-s-v2),us_wts-lg-000016,us,jpeg_compression,0.846,DLJC2Z,DL3C2Z,False,0.833,163.01,20.9,183.9
best-available (yolo-v9-s-608 + cct-s-v2),us_wts-lg-000016,us,under_exposure,0.846,DL3C2Z,DL3C2Z,True,1.0,141.67,20.58,162.25
best-available (yolo-v9-s-608 + cct-s-v2),us_wts-lg-000016,us,over_exposure,0.829,DL3C2Z,DL3C2Z,True,1.0,153.35,15.79,169.14
best-available (yolo-v9-s-608 + cct-s-v2),us_wts-lg-000016,us,perspective,0.628,DL3C2Z,DL3C2Z,True,1.0,136.27,31.61,167.88
best-available (yolo-v9-s-608 + cct-s-v2),us_wts-lg-000016,us,combined_hard,0.0,,DL3C2Z,False,0.0,118.25,22.62,140.87
best-available (yolo-v9-s-608 + cct-s-v2),us_wts-lg-000010,us,clean,0.918,HH9G5W,HH9G5W,True,1.0,161.23,20.7,181.93
best-available (yolo-v9-s-608 + cct-s-v2),us_wts-lg-000010,us,motion_blur,0.867,,HH9G5W,False,0.0,118.94,22.46,141.41
best-available (yolo-v9-s-608 + cct-s-v2),us_wts-lg-000010,us,defocus_blur,0.819,,HH9G5W,False,0.0,153.33,22.98,176.32
best-available (yolo-v9-s-608 + cct-s-v2),us_wts-lg-000010,us,low_res,0.839,HHH111,HH9G5W,False,0.333,138.08,21.49,159.57
best-available (yolo-v9-s-608 + cct-s-v2),us_wts-lg-000010,us,noise,0.873,HH935W,HH9G5W,False,0.833,223.22,22.33,245.55
best-available (yolo-v9-s-608 + cct-s-v2),us_wts-lg-000010,us,jpeg_compression,0.881,HH9G5W,HH9G5W,True,1.0,164.28,22.25,186.53
best-available (yolo-v9-s-608 + cct-s-v2),us_wts-lg-000010,us,under_exposure,0.942,HH9G5W,HH9G5W,True,1.0,168.1,22.34,190.44
best-available (yolo-v9-s-608 + cct-s-v2),us_wts-lg-000010,us,over_exposure,0.934,HH9G5W,HH9G5W,True,1.0,136.64,16.48,153.12
best-available (yolo-v9-s-608 + cct-s-v2),us_wts-lg-000010,us,perspective,0.594,HH9G5W,HH9G5W,True,1.0,125.09,21.25,146.34
best-available (yolo-v9-s-608 + cct-s-v2),us_wts-lg-000010,us,combined_hard,0.881,,HH9G5W,False,0.0,215.05,23.31,238.36
best-available (yolo-v9-s-608 + cct-s-v2),us_car3,us,clean,0.838,1AMW240,1AMW240,True,1.0,170.65,22.22,192.87
best-available (yolo-v9-s-608 + cct-s-v2),us_car3,us,motion_blur,0.78,TD152700,1AMW240,False,0.143,167.6,25.69,193.29
best-available (yolo-v9-s-608 + cct-s-v2),us_car3,us,defocus_blur,0.813,,1AMW240,False,0.0,147.95,28.44,176.39
best-available (yolo-v9-s-608 + cct-s-v2),us_car3,us,low_res,0.82,L1FP91,1AMW240,False,0.0,163.8,22.93,186.73
best-available (yolo-v9-s-608 + cct-s-v2),us_car3,us,noise,0.807,1AMW240,1AMW240,True,1.0,163.06,22.37,185.43
best-available (yolo-v9-s-608 + cct-s-v2),us_car3,us,jpeg_compression,0.831,1AMW240,1AMW240,True,1.0,167.14,17.25,184.39
best-available (yolo-v9-s-608 + cct-s-v2),us_car3,us,under_exposure,0.825,1AMW240,1AMW240,True,1.0,136.04,17.36,153.4
best-available (yolo-v9-s-608 + cct-s-v2),us_car3,us,over_exposure,0.844,1AMW240,1AMW240,True,1.0,134.68,21.75,156.42
best-available (yolo-v9-s-608 + cct-s-v2),us_car3,us,perspective,0.537,1AMW240,1AMW240,True,1.0,169.26,17.95,187.22
best-available (yolo-v9-s-608 + cct-s-v2),us_car3,us,combined_hard,0.78,11,1AMW240,False,0.143,157.11,17.4,174.5
best-available (yolo-v9-s-608 + cct-s-v2),us_wts-lg-000048,us,clean,0.912,FE5R2D,FE5R2D,True,1.0,157.7,23.32,181.02
best-available (yolo-v9-s-608 + cct-s-v2),us_wts-lg-000048,us,motion_blur,0.861,,FE5R2D,False,0.0,136.78,24.9,161.68
best-available (yolo-v9-s-608 + cct-s-v2),us_wts-lg-000048,us,defocus_blur,0.886,,FE5R2D,False,0.0,147.32,22.36,169.68
best-available (yolo-v9-s-608 + cct-s-v2),us_wts-lg-000048,us,low_res,0.873,,FE5R2D,False,0.0,157.16,23.49,180.64
best-available (yolo-v9-s-608 + cct-s-v2),us_wts-lg-000048,us,noise,0.935,FE5R2D,FE5R2D,True,1.0,146.62,21.35,167.97
best-available (yolo-v9-s-608 + cct-s-v2),us_wts-lg-000048,us,jpeg_compression,0.912,FE5R2D,FE5R2D,True,1.0,150.07,25.55,175.62
best-available (yolo-v9-s-608 + cct-s-v2),us_wts-lg-000048,us,under_exposure,0.922,FE5R2D,FE5R2D,True,1.0,151.66,17.9,169.56
best-available (yolo-v9-s-608 + cct-s-v2),us_wts-lg-000048,us,over_exposure,0.869,FE5R2D,FE5R2D,True,1.0,133.0,23.33,156.34
best-available (yolo-v9-s-608 + cct-s-v2),us_wts-lg-000048,us,perspective,0.542,FE5R2D,FE5R2D,True,1.0,149.51,23.14,172.64
best-available (yolo-v9-s-608 + cct-s-v2),us_wts-lg-000048,us,combined_hard,0.869,,FE5R2D,False,0.0,172.61,21.26,193.87
best-available (yolo-v9-s-608 + cct-s-v2),us_car5,us,clean,0.892,59CADI,59CADI,True,1.0,165.56,22.38,187.94
best-available (yolo-v9-s-608 + cct-s-v2),us_car5,us,motion_blur,0.694,111,59CADI,False,0.0,134.34,22.35,156.7
best-available (yolo-v9-s-608 + cct-s-v2),us_car5,us,defocus_blur,0.766,,59CADI,False,0.0,160.7,21.15,181.84
best-available (yolo-v9-s-608 + cct-s-v2),us_car5,us,low_res,0.792,,59CADI,False,0.0,130.57,20.88,151.45
best-available (yolo-v9-s-608 + cct-s-v2),us_car5,us,noise,0.886,59CADI,59CADI,True,1.0,152.17,21.74,173.92
best-available (yolo-v9-s-608 + cct-s-v2),us_car5,us,jpeg_compression,0.878,59CADI,59CADI,True,1.0,144.86,23.25,168.11
best-available (yolo-v9-s-608 + cct-s-v2),us_car5,us,under_exposure,0.874,59CADI,59CADI,True,1.0,163.53,32.38,195.91
best-available (yolo-v9-s-608 + cct-s-v2),us_car5,us,over_exposure,0.877,59CADI,59CADI,True,1.0,152.56,21.83,174.39
best-available (yolo-v9-s-608 + cct-s-v2),us_car5,us,perspective,0.585,59CADI,59CADI,True,1.0,166.26,20.17,186.43
best-available (yolo-v9-s-608 + cct-s-v2),us_car5,us,combined_hard,0.836,T,59CADI,False,0.0,127.5,21.57,149.07
best-available (yolo-v9-s-608 + cct-s-v2),us_us5,us,clean,0.941,NEILDMND,NEILDMND,True,1.0,161.31,21.01,182.32
best-available (yolo-v9-s-608 + cct-s-v2),us_us5,us,motion_blur,0.92,WE1DMND,NEILDMND,False,0.625,178.11,21.68,199.79
best-available (yolo-v9-s-608 + cct-s-v2),us_us5,us,defocus_blur,0.954,WE128ND,NEILDMND,False,0.375,142.62,21.85,164.47
best-available (yolo-v9-s-608 + cct-s-v2),us_us5,us,low_res,0.949,NEILDMND,NEILDMND,True,1.0,137.84,18.31,156.15
best-available (yolo-v9-s-608 + cct-s-v2),us_us5,us,noise,0.945,NEILDMND,NEILDMND,True,1.0,150.13,23.27,173.4
best-available (yolo-v9-s-608 + cct-s-v2),us_us5,us,jpeg_compression,0.933,NEILDMND,NEILDMND,True,1.0,135.18,28.76,163.95
best-available (yolo-v9-s-608 + cct-s-v2),us_us5,us,under_exposure,0.929,NEILDMND,NEILDMND,True,1.0,152.75,19.87,172.62
best-available (yolo-v9-s-608 + cct-s-v2),us_us5,us,over_exposure,0.941,NEILDMND,NEILDMND,True,1.0,126.88,20.47,147.36
best-available (yolo-v9-s-608 + cct-s-v2),us_us5,us,perspective,0.652,NEILDMND,NEILDMND,True,1.0,152.17,21.42,173.59
best-available (yolo-v9-s-608 + cct-s-v2),us_us5,us,combined_hard,0.856,NE1LDN,NEILDMND,False,0.625,139.15,18.19,157.34
best-available (yolo-v9-s-608 + cct-s-v2),us_wts-lg-000061,us,clean,0.921,DK2Z5S,DK2Z5S,True,1.0,164.95,22.64,187.59
best-available (yolo-v9-s-608 + cct-s-v2),us_wts-lg-000061,us,motion_blur,0.935,,DK2Z5S,False,0.0,155.0,23.42,178.42
best-available (yolo-v9-s-608 + cct-s-v2),us_wts-lg-000061,us,defocus_blur,0.911,,DK2Z5S,False,0.0,148.33,23.14,171.48
best-available (yolo-v9-s-608 + cct-s-v2),us_wts-lg-000061,us,low_res,0.884,,DK2Z5S,False,0.0,158.91,21.6,180.52
best-available (yolo-v9-s-608 + cct-s-v2),us_wts-lg-000061,us,noise,0.921,DN2Z5S,DK2Z5S,False,0.833,172.1,22.57,194.67
best-available (yolo-v9-s-608 + cct-s-v2),us_wts-lg-000061,us,jpeg_compression,0.874,DK2Z5S,DK2Z5S,True,1.0,164.7,22.68,187.38
best-available (yolo-v9-s-608 + cct-s-v2),us_wts-lg-000061,us,under_exposure,0.933,DK2Z5S,DK2Z5S,True,1.0,161.73,22.4,184.13
best-available (yolo-v9-s-608 + cct-s-v2),us_wts-lg-000061,us,over_exposure,0.909,DK2Z5S,DK2Z5S,True,1.0,163.29,18.1,181.39
best-available (yolo-v9-s-608 + cct-s-v2),us_wts-lg-000061,us,perspective,0.738,DK2Z5S,DK2Z5S,True,1.0,160.5,20.46,180.97
best-available (yolo-v9-s-608 + cct-s-v2),us_wts-lg-000061,us,combined_hard,0.92,,DK2Z5S,False,0.0,181.46,22.16,203.62
best-available (yolo-v9-s-608 + cct-s-v2),us_wts-lg-000137,us,clean,0.945,CWW2245,CWW2245,True,1.0,161.2,21.54,182.73
best-available (yolo-v9-s-608 + cct-s-v2),us_wts-lg-000137,us,motion_blur,0.925,,CWW2245,False,0.0,124.77,25.09,149.86
best-available (yolo-v9-s-608 + cct-s-v2),us_wts-lg-000137,us,defocus_blur,0.931,CNN110,CWW2245,False,0.143,125.65,21.44,147.09
best-available (yolo-v9-s-608 + cct-s-v2),us_wts-lg-000137,us,low_res,0.945,EWA445,CWW2245,False,0.429,145.65,21.65,167.3
best-available (yolo-v9-s-608 + cct-s-v2),us_wts-lg-000137,us,noise,0.932,CWW2245,CWW2245,True,1.0,170.01,25.17,195.18
best-available (yolo-v9-s-608 + cct-s-v2),us_wts-lg-000137,us,jpeg_compression,0.952,CWW2245,CWW2245,True,1.0,160.31,21.47,181.78
best-available (yolo-v9-s-608 + cct-s-v2),us_wts-lg-000137,us,under_exposure,0.932,CWW2245,CWW2245,True,1.0,156.05,19.3,175.34
best-available (yolo-v9-s-608 + cct-s-v2),us_wts-lg-000137,us,over_exposure,0.932,CWW2245,CWW2245,True,1.0,180.45,23.61,204.06
best-available (yolo-v9-s-608 + cct-s-v2),us_wts-lg-000137,us,perspective,0.637,CWW2245,CWW2245,True,1.0,156.19,20.53,176.72
best-available (yolo-v9-s-608 + cct-s-v2),us_wts-lg-000137,us,combined_hard,0.912,DVN5705,CWW2245,False,0.143,184.67,21.09,205.76
best-available (yolo-v9-s-608 + cct-s-v2),us_wts-lg-000179,us,clean,0.926,SL7J8R,SL7J8R,True,1.0,148.37,23.57,171.94
best-available (yolo-v9-s-608 + cct-s-v2),us_wts-lg-000179,us,motion_blur,0.939,C211,SL7J8R,False,0.0,127.55,22.31,149.86
best-available (yolo-v9-s-608 + cct-s-v2),us_wts-lg-000179,us,defocus_blur,0.893,,SL7J8R,False,0.0,106.64,21.51,128.16
best-available (yolo-v9-s-608 + cct-s-v2),us_wts-lg-000179,us,low_res,0.894,,SL7J8R,False,0.0,152.44,19.39,171.83
best-available (yolo-v9-s-608 + cct-s-v2),us_wts-lg-000179,us,noise,0.904,SL7J8R,SL7J8R,True,1.0,173.5,21.47,194.97
best-available (yolo-v9-s-608 + cct-s-v2),us_wts-lg-000179,us,jpeg_compression,0.893,SL7J8R,SL7J8R,True,1.0,146.49,24.9,171.4
best-available (yolo-v9-s-608 + cct-s-v2),us_wts-lg-000179,us,under_exposure,0.904,SL7J8R,SL7J8R,True,1.0,157.31,21.48,178.79
best-available (yolo-v9-s-608 + cct-s-v2),us_wts-lg-000179,us,over_exposure,0.904,SL7J8R,SL7J8R,True,1.0,139.31,19.66,158.97
best-available (yolo-v9-s-608 + cct-s-v2),us_wts-lg-000179,us,perspective,0.7,SL7J8R,SL7J8R,True,1.0,181.15,22.4,203.55
best-available (yolo-v9-s-608 + cct-s-v2),us_wts-lg-000179,us,combined_hard,0.938,,SL7J8R,False,0.0,128.04,21.86,149.9
best-available (yolo-v9-s-608 + cct-s-v2),us_wts-lg-000154,us,clean,0.909,1366026,1366026,True,1.0,152.87,17.85,170.72
best-available (yolo-v9-s-608 + cct-s-v2),us_wts-lg-000154,us,motion_blur,0.884,114004,1366026,False,0.286,135.51,21.78,157.29
best-available (yolo-v9-s-608 + cct-s-v2),us_wts-lg-000154,us,defocus_blur,0.894,,1366026,False,0.0,145.46,21.45,166.91
best-available (yolo-v9-s-608 + cct-s-v2),us_wts-lg-000154,us,low_res,0.929,52,1366026,False,0.143,150.84,26.38,177.22
best-available (yolo-v9-s-608 + cct-s-v2),us_wts-lg-000154,us,noise,0.893,1366026,1366026,True,1.0,131.31,21.59,152.89
best-available (yolo-v9-s-608 + cct-s-v2),us_wts-lg-000154,us,jpeg_compression,0.921,1366026,1366026,True,1.0,150.26,19.27,169.53
best-available (yolo-v9-s-608 + cct-s-v2),us_wts-lg-000154,us,under_exposure,0.939,1366026,1366026,True,1.0,142.31,19.52,161.84
best-available (yolo-v9-s-608 + cct-s-v2),us_wts-lg-000154,us,over_exposure,0.939,1366026,1366026,True,1.0,128.11,17.45,145.57
best-available (yolo-v9-s-608 + cct-s-v2),us_wts-lg-000154,us,perspective,0.738,1366026,1366026,True,1.0,127.96,21.75,149.71
best-available (yolo-v9-s-608 + cct-s-v2),us_wts-lg-000154,us,combined_hard,0.0,,1366026,False,0.0,125.53,19.95,145.49
best-available (yolo-v9-s-608 + cct-s-v2),us_wts-lg-000163,us,clean,0.923,CDK575,CDK575,True,1.0,144.58,23.09,167.67
best-available (yolo-v9-s-608 + cct-s-v2),us_wts-lg-000163,us,motion_blur,0.874,CDHH755,CDK575,False,0.5,142.57,23.29,165.86
best-available (yolo-v9-s-608 + cct-s-v2),us_wts-lg-000163,us,defocus_blur,0.917,,CDK575,False,0.0,155.99,20.65,176.65
best-available (yolo-v9-s-608 + cct-s-v2),us_wts-lg-000163,us,low_res,0.925,LJF375,CDK575,False,0.333,146.83,21.8,168.63
best-available (yolo-v9-s-608 + cct-s-v2),us_wts-lg-000163,us,noise,0.925,CDK575,CDK575,True,1.0,158.85,22.06,180.91
best-available (yolo-v9-s-608 + cct-s-v2),us_wts-lg-000163,us,jpeg_compression,0.923,CDK575,CDK575,True,1.0,151.69,22.65,174.35
best-available (yolo-v9-s-608 + cct-s-v2),us_wts-lg-000163,us,under_exposure,0.933,CDK575,CDK575,True,1.0,151.62,28.03,179.65
best-available (yolo-v9-s-608 + cct-s-v2),us_wts-lg-000163,us,over_exposure,0.942,CDK575,CDK575,True,1.0,131.73,22.35,154.08
best-available (yolo-v9-s-608 + cct-s-v2),us_wts-lg-000163,us,perspective,0.759,CDK575,CDK575,True,1.0,161.09,21.95,183.05
best-available (yolo-v9-s-608 + cct-s-v2),us_wts-lg-000163,us,combined_hard,0.0,DF576,CDK575,False,0.5,130.25,19.73,149.98
best-available (yolo-v9-s-608 + cct-s-v2),us_12c6cb72-3ea3-49e7-b381-e0cdfc5e8960,us,clean,0.896,OSG719,0SG719,False,0.833,137.71,25.0,162.71
best-available (yolo-v9-s-608 + cct-s-v2),us_12c6cb72-3ea3-49e7-b381-e0cdfc5e8960,us,motion_blur,0.794,,0SG719,False,0.0,127.05,25.37,152.42
best-available (yolo-v9-s-608 + cct-s-v2),us_12c6cb72-3ea3-49e7-b381-e0cdfc5e8960,us,defocus_blur,0.869,,0SG719,False,0.0,148.33,21.3,169.63
best-available (yolo-v9-s-608 + cct-s-v2),us_12c6cb72-3ea3-49e7-b381-e0cdfc5e8960,us,low_res,0.785,,0SG719,False,0.0,153.55,21.62,175.16
best-available (yolo-v9-s-608 + cct-s-v2),us_12c6cb72-3ea3-49e7-b381-e0cdfc5e8960,us,noise,0.0,OSG719,0SG719,False,0.833,140.1,21.02,161.12
best-available (yolo-v9-s-608 + cct-s-v2),us_12c6cb72-3ea3-49e7-b381-e0cdfc5e8960,us,jpeg_compression,0.883,OSG719,0SG719,False,0.833,151.95,25.75,177.7
best-available (yolo-v9-s-608 + cct-s-v2),us_12c6cb72-3ea3-49e7-b381-e0cdfc5e8960,us,under_exposure,0.911,OSG719,0SG719,False,0.833,123.52,22.32,145.84
best-available (yolo-v9-s-608 + cct-s-v2),us_12c6cb72-3ea3-49e7-b381-e0cdfc5e8960,us,over_exposure,0.91,OSG719,0SG719,False,0.833,155.51,21.0,176.51
best-available (yolo-v9-s-608 + cct-s-v2),us_12c6cb72-3ea3-49e7-b381-e0cdfc5e8960,us,perspective,0.697,OSG719,0SG719,False,0.833,115.22,32.98,148.2
best-available (yolo-v9-s-608 + cct-s-v2),us_12c6cb72-3ea3-49e7-b381-e0cdfc5e8960,us,combined_hard,0.0,,0SG719,False,0.0,177.8,19.41,197.21
best-available (yolo-v9-s-608 + cct-s-v2),eu_test_072,eu,clean,0.814,4B39376,4B39376,True,1.0,141.77,26.23,167.99
best-available (yolo-v9-s-608 + cct-s-v2),eu_test_072,eu,motion_blur,0.678,AA389H,4B39376,False,0.143,134.19,17.06,151.24
best-available (yolo-v9-s-608 + cct-s-v2),eu_test_072,eu,defocus_blur,0.0,,4B39376,False,0.0,159.54,18.99,178.53
best-available (yolo-v9-s-608 + cct-s-v2),eu_test_072,eu,low_res,0.0,11111,4B39376,False,0.0,151.39,19.22,170.61
best-available (yolo-v9-s-608 + cct-s-v2),eu_test_072,eu,noise,0.814,4B39376,4B39376,True,1.0,149.73,22.08,171.8
best-available (yolo-v9-s-608 + cct-s-v2),eu_test_072,eu,jpeg_compression,0.85,4B39376,4B39376,True,1.0,164.21,20.06,184.27
best-available (yolo-v9-s-608 + cct-s-v2),eu_test_072,eu,under_exposure,0.814,4B39376,4B39376,True,1.0,153.89,25.73,179.62
best-available (yolo-v9-s-608 + cct-s-v2),eu_test_072,eu,over_exposure,0.814,4B39376,4B39376,True,1.0,159.69,22.63,182.32
best-available (yolo-v9-s-608 + cct-s-v2),eu_test_072,eu,perspective,0.525,4B39376,4B39376,True,1.0,128.8,23.36,152.16
best-available (yolo-v9-s-608 + cct-s-v2),eu_test_072,eu,combined_hard,0.705,SSA975,4B39376,False,0.286,144.39,22.07,166.46
best-available (yolo-v9-s-608 + cct-s-v2),eu_test_057,eu,clean,0.894,RK300AS,RK300AS,True,1.0,125.31,21.75,147.06
best-available (yolo-v9-s-608 + cct-s-v2),eu_test_057,eu,motion_blur,0.0,KF3001,RK300AS,False,0.429,147.2,22.99,170.19
best-available (yolo-v9-s-608 + cct-s-v2),eu_test_057,eu,defocus_blur,0.666,,RK300AS,False,0.0,157.56,21.54,179.1
best-available (yolo-v9-s-608 + cct-s-v2),eu_test_057,eu,low_res,0.0,HHH1111,RK300AS,False,0.0,148.42,21.47,169.89
best-available (yolo-v9-s-608 + cct-s-v2),eu_test_057,eu,noise,0.902,RK300AS,RK300AS,True,1.0,128.3,17.82,146.12
best-available (yolo-v9-s-608 + cct-s-v2),eu_test_057,eu,jpeg_compression,0.885,RK300AS,RK300AS,True,1.0,150.02,23.96,173.98
best-available (yolo-v9-s-608 + cct-s-v2),eu_test_057,eu,under_exposure,0.894,RK300AS,RK300AS,True,1.0,157.83,22.95,180.77
best-available (yolo-v9-s-608 + cct-s-v2),eu_test_057,eu,over_exposure,0.828,RK300AS,RK300AS,True,1.0,162.26,25.2,187.47
best-available (yolo-v9-s-608 + cct-s-v2),eu_test_057,eu,perspective,0.469,RK300AS,RK300AS,True,1.0,164.36,23.71,188.06
best-available (yolo-v9-s-608 + cct-s-v2),eu_test_057,eu,combined_hard,0.055,03,RK300AS,False,0.143,143.04,19.69,162.73
best-available (yolo-v9-s-608 + cct-s-v2),eu_test_090,eu,clean,0.735,RK550AO,RK550AO,True,1.0,150.04,19.69,169.73
best-available (yolo-v9-s-608 + cct-s-v2),eu_test_090,eu,motion_blur,0.886,KMA00,RK550AO,False,0.286,172.91,17.8,190.71
best-available (yolo-v9-s-608 + cct-s-v2),eu_test_090,eu,defocus_blur,0.0,,RK550AO,False,0.0,154.52,18.04,172.56
best-available (yolo-v9-s-608 + cct-s-v2),eu_test_090,eu,low_res,0.0,11H11,RK550AO,False,0.0,160.3,17.73,178.03
best-available (yolo-v9-s-608 + cct-s-v2),eu_test_090,eu,noise,0.863,RK550AO,RK550AO,True,1.0,155.5,19.36,174.86
best-available (yolo-v9-s-608 + cct-s-v2),eu_test_090,eu,jpeg_compression,0.8,RK550AO,RK550AO,True,1.0,147.24,17.22,164.46
best-available (yolo-v9-s-608 + cct-s-v2),eu_test_090,eu,under_exposure,0.762,RK550AO,RK550AO,True,1.0,148.12,22.65,170.77
best-available (yolo-v9-s-608 + cct-s-v2),eu_test_090,eu,over_exposure,0.762,RK550AO,RK550AO,True,1.0,163.24,24.38,187.61
best-available (yolo-v9-s-608 + cct-s-v2),eu_test_090,eu,perspective,0.551,RK550AO,RK550AO,True,1.0,190.94,21.08,212.02
best-available (yolo-v9-s-608 + cct-s-v2),eu_test_090,eu,combined_hard,0.908,FM25TAAD,RK550AO,False,0.143,145.91,21.38,167.29
best-available (yolo-v9-s-608 + cct-s-v2),eu_test_008,eu,clean,0.897,LM298AI,LM298AI,True,1.0,132.89,22.54,155.44
best-available (yolo-v9-s-608 + cct-s-v2),eu_test_008,eu,motion_blur,0.864,UB119U,LM298AI,False,0.0,128.97,20.32,149.28
best-available (yolo-v9-s-608 + cct-s-v2),eu_test_008,eu,defocus_blur,0.0,,LM298AI,False,0.0,145.81,21.55,167.36
best-available (yolo-v9-s-608 + cct-s-v2),eu_test_008,eu,low_res,0.855,H11,LM298AI,False,0.0,157.41,21.62,179.02
best-available (yolo-v9-s-608 + cct-s-v2),eu_test_008,eu,noise,0.897,LM298AI,LM298AI,True,1.0,156.83,21.41,178.24
best-available (yolo-v9-s-608 + cct-s-v2),eu_test_008,eu,jpeg_compression,0.868,LM298AI,LM298AI,True,1.0,161.1,19.79,180.89
best-available (yolo-v9-s-608 + cct-s-v2),eu_test_008,eu,under_exposure,0.897,LM298AI,LM298AI,True,1.0,174.94,21.47,196.41
best-available (yolo-v9-s-608 + cct-s-v2),eu_test_008,eu,over_exposure,0.868,LM298AI,LM298AI,True,1.0,162.79,21.03,183.81
best-available (yolo-v9-s-608 + cct-s-v2),eu_test_008,eu,perspective,0.51,LM298AI,LM298AI,True,1.0,144.42,21.35,165.78
best-available (yolo-v9-s-608 + cct-s-v2),eu_test_008,eu,combined_hard,0.889,,LM298AI,False,0.0,137.88,21.51,159.4
best-available (yolo-v9-s-608 + cct-s-v2),eu_test_010,eu,clean,0.912,RK248AH,RK248AH,True,1.0,142.32,18.93,161.25
best-available (yolo-v9-s-608 + cct-s-v2),eu_test_010,eu,motion_blur,0.878,KK1088H,RK248AH,False,0.429,153.81,20.72,174.52
best-available (yolo-v9-s-608 + cct-s-v2),eu_test_010,eu,defocus_blur,0.0,C3,RK248AH,False,0.0,142.9,19.79,162.69
best-available (yolo-v9-s-608 + cct-s-v2),eu_test_010,eu,low_res,0.0,FH1111H,RK248AH,False,0.143,146.79,19.8,166.58
best-available (yolo-v9-s-608 + cct-s-v2),eu_test_010,eu,noise,0.941,RK248AH,RK248AH,True,1.0,152.49,19.5,171.99
best-available (yolo-v9-s-608 + cct-s-v2),eu_test_010,eu,jpeg_compression,0.9,RK248AH,RK248AH,True,1.0,154.08,22.47,176.55
best-available (yolo-v9-s-608 + cct-s-v2),eu_test_010,eu,under_exposure,0.905,RK248AH,RK248AH,True,1.0,138.0,27.13,165.14
best-available (yolo-v9-s-608 + cct-s-v2),eu_test_010,eu,over_exposure,0.913,RK248AH,RK248AH,True,1.0,126.07,22.16,148.22
best-available (yolo-v9-s-608 + cct-s-v2),eu_test_010,eu,perspective,0.328,RK248AH,RK248AH,True,1.0,151.41,22.77,174.18
best-available (yolo-v9-s-608 + cct-s-v2),eu_test_010,eu,combined_hard,0.858,RNF798H,RK248AH,False,0.286,156.4,21.68,178.08
best-available (yolo-v9-s-608 + cct-s-v2),eu_test_026,eu,clean,0.922,RK492AU,RK492AU,True,1.0,163.12,24.65,187.76
best-available (yolo-v9-s-608 + cct-s-v2),eu_test_026,eu,motion_blur,0.899,KA552A,RK492AU,False,0.286,151.9,21.32,173.22
best-available (yolo-v9-s-608 + cct-s-v2),eu_test_026,eu,defocus_blur,0.703,,RK492AU,False,0.0,144.64,20.82,165.46
best-available (yolo-v9-s-608 + cct-s-v2),eu_test_026,eu,low_res,0.91,HH11,RK492AU,False,0.0,147.59,17.3,164.89
best-available (yolo-v9-s-608 + cct-s-v2),eu_test_026,eu,noise,0.938,RK492AU,RK492AU,True,1.0,174.95,23.8,198.76
best-available (yolo-v9-s-608 + cct-s-v2),eu_test_026,eu,jpeg_compression,0.875,RK492AU,RK492AU,True,1.0,163.67,23.28,186.95
best-available (yolo-v9-s-608 + cct-s-v2),eu_test_026,eu,under_exposure,0.922,RK492AU,RK492AU,True,1.0,164.9,17.77,182.67
best-available (yolo-v9-s-608 + cct-s-v2),eu_test_026,eu,over_exposure,0.922,RK492AU,RK492AU,True,1.0,145.67,26.11,171.77
best-available (yolo-v9-s-608 + cct-s-v2),eu_test_026,eu,perspective,0.647,RK492AU,RK492AU,True,1.0,141.12,30.62,171.74
best-available (yolo-v9-s-608 + cct-s-v2),eu_test_026,eu,combined_hard,0.871,RAL10J,RK492AU,False,0.143,142.59,19.29,161.88
best-available (yolo-v9-s-608 + cct-s-v2),br_OYJ9557,br,clean,0.926,OYJ9557,OYJ9557,True,1.0,151.06,26.13,177.19
best-available (yolo-v9-s-608 + cct-s-v2),br_OYJ9557,br,motion_blur,0.938,CYJ9557,OYJ9557,False,0.857,126.52,21.47,147.99
best-available (yolo-v9-s-608 + cct-s-v2),br_OYJ9557,br,defocus_blur,0.93,OYJ9557,OYJ9557,True,1.0,142.48,21.32,163.8
best-available (yolo-v9-s-608 + cct-s-v2),br_OYJ9557,br,low_res,0.958,DYJ9557,OYJ9557,False,0.857,151.48,21.62,173.1
best-available (yolo-v9-s-608 + cct-s-v2),br_OYJ9557,br,noise,0.933,OYJ9557,OYJ9557,True,1.0,146.84,19.04,165.88
best-available (yolo-v9-s-608 + cct-s-v2),br_OYJ9557,br,jpeg_compression,0.895,OYJ9557,OYJ9557,True,1.0,150.58,17.4,167.98
best-available (yolo-v9-s-608 + cct-s-v2),br_OYJ9557,br,under_exposure,0.958,OYJ9557,OYJ9557,True,1.0,131.82,21.45,153.27
best-available (yolo-v9-s-608 + cct-s-v2),br_OYJ9557,br,over_exposure,0.941,OYJ9557,OYJ9557,True,1.0,147.3,15.17,162.47
best-available (yolo-v9-s-608 + cct-s-v2),br_OYJ9557,br,perspective,0.552,OYJ9557,OYJ9557,True,1.0,119.74,21.75,141.49
best-available (yolo-v9-s-608 + cct-s-v2),br_OYJ9557,br,combined_hard,0.97,OYJ9557,OYJ9557,True,1.0,186.99,23.47,210.46
best-available (yolo-v9-s-608 + cct-s-v2),br_JSG9648,br,clean,0.836,JSG9648,JSG9648,True,1.0,142.28,23.7,165.98
best-available (yolo-v9-s-608 + cct-s-v2),br_JSG9648,br,motion_blur,0.826,JSG9648,JSG9648,True,1.0,207.63,21.85,229.48
best-available (yolo-v9-s-608 + cct-s-v2),br_JSG9648,br,defocus_blur,0.85,JSG9648,JSG9648,True,1.0,147.16,24.65,171.81
best-available (yolo-v9-s-608 + cct-s-v2),br_JSG9648,br,low_res,0.872,JSG9648,JSG9648,True,1.0,160.69,22.28,182.97
best-available (yolo-v9-s-608 + cct-s-v2),br_JSG9648,br,noise,0.849,JSG9648,JSG9648,True,1.0,166.47,21.85,188.32
best-available (yolo-v9-s-608 + cct-s-v2),br_JSG9648,br,jpeg_compression,0.867,JSG9648,JSG9648,True,1.0,144.13,20.96,165.09
best-available (yolo-v9-s-608 + cct-s-v2),br_JSG9648,br,under_exposure,0.839,JSG9648,JSG9648,True,1.0,133.41,18.44,151.85
best-available (yolo-v9-s-608 + cct-s-v2),br_JSG9648,br,over_exposure,0.829,JSG9648,JSG9648,True,1.0,155.14,23.12,178.26
best-available (yolo-v9-s-608 + cct-s-v2),br_JSG9648,br,perspective,0.591,JSG9648,JSG9648,True,1.0,142.1,19.53,161.63
best-available (yolo-v9-s-608 + cct-s-v2),br_JSG9648,br,combined_hard,0.868,JSG9648,JSG9648,True,1.0,157.1,18.26,175.36
best-available (yolo-v9-s-608 + cct-s-v2),br_OKT3896,br,clean,0.806,OKT3896,OKT3896,True,1.0,122.98,45.56,168.54
best-available (yolo-v9-s-608 + cct-s-v2),br_OKT3896,br,motion_blur,0.818,OKT3896,OKT3896,True,1.0,158.91,18.27,177.18
best-available (yolo-v9-s-608 + cct-s-v2),br_OKT3896,br,defocus_blur,0.796,GKT3896,OKT3896,False,0.857,162.11,43.27,205.37
best-available (yolo-v9-s-608 + cct-s-v2),br_OKT3896,br,low_res,0.885,OKT3896,OKT3896,True,1.0,135.62,17.21,152.83
best-available (yolo-v9-s-608 + cct-s-v2),br_OKT3896,br,noise,0.773,OKT3896,OKT3896,True,1.0,147.73,29.39,177.13
best-available (yolo-v9-s-608 + cct-s-v2),br_OKT3896,br,jpeg_compression,0.785,OKT3896,OKT3896,True,1.0,156.19,23.66,179.85
best-available (yolo-v9-s-608 + cct-s-v2),br_OKT3896,br,under_exposure,0.798,OKT3896,OKT3896,True,1.0,139.73,23.13,162.86
best-available (yolo-v9-s-608 + cct-s-v2),br_OKT3896,br,over_exposure,0.79,OKT3896,OKT3896,True,1.0,175.86,22.3,198.15
best-available (yolo-v9-s-608 + cct-s-v2),br_OKT3896,br,perspective,0.685,OKT3896,OKT3896,True,1.0,133.67,24.65,158.31
best-available (yolo-v9-s-608 + cct-s-v2),br_OKT3896,br,combined_hard,0.83,OKT3896,OKT3896,True,1.0,144.94,21.45,166.39
best-available (yolo-v9-s-608 + cct-s-v2),br_OUP9563,br,clean,0.854,OUP9563,OUP9563,True,1.0,184.41,21.93,206.34
best-available (yolo-v9-s-608 + cct-s-v2),br_OUP9563,br,motion_blur,0.898,OUP9563,OUP9563,True,1.0,142.13,21.91,164.04
best-available (yolo-v9-s-608 + cct-s-v2),br_OUP9563,br,defocus_blur,0.868,OUP9563,OUP9563,True,1.0,160.61,22.44,183.05
best-available (yolo-v9-s-608 + cct-s-v2),br_OUP9563,br,low_res,0.904,OUP9563,OUP9563,True,1.0,165.74,17.52,183.26
best-available (yolo-v9-s-608 + cct-s-v2),br_OUP9563,br,noise,0.848,OUP9563,OUP9563,True,1.0,160.97,41.06,202.03
best-available (yolo-v9-s-608 + cct-s-v2),br_OUP9563,br,jpeg_compression,0.843,OUP9563,OUP9563,True,1.0,244.49,23.47,267.95
best-available (yolo-v9-s-608 + cct-s-v2),br_OUP9563,br,under_exposure,0.885,OUP9563,OUP9563,True,1.0,156.5,24.03,180.53
best-available (yolo-v9-s-608 + cct-s-v2),br_OUP9563,br,over_exposure,0.846,OUP9563,OUP9563,True,1.0,164.78,17.46,182.24
best-available (yolo-v9-s-608 + cct-s-v2),br_OUP9563,br,perspective,0.605,OUP9563,OUP9563,True,1.0,148.15,22.99,171.14
best-available (yolo-v9-s-608 + cct-s-v2),br_OUP9563,br,combined_hard,0.882,DUP9563,OUP9563,False,0.857,156.66,22.08,178.75
best-available (yolo-v9-s-608 + cct-s-v2),br_PJP2783,br,clean,0.738,PJP2783,PJP2783,True,1.0,160.82,24.89,185.72
best-available (yolo-v9-s-608 + cct-s-v2),br_PJP2783,br,motion_blur,0.755,PJP2783,PJP2783,True,1.0,144.23,22.87,167.1
best-available (yolo-v9-s-608 + cct-s-v2),br_PJP2783,br,defocus_blur,0.731,PJP2783,PJP2783,True,1.0,169.57,22.27,191.84
best-available (yolo-v9-s-608 + cct-s-v2),br_PJP2783,br,low_res,0.829,PJP2783,PJP2783,True,1.0,134.15,22.63,156.78
best-available (yolo-v9-s-608 + cct-s-v2),br_PJP2783,br,noise,0.697,PJP2783,PJP2783,True,1.0,164.0,21.0,185.01
best-available (yolo-v9-s-608 + cct-s-v2),br_PJP2783,br,jpeg_compression,0.757,PJP2783,PJP2783,True,1.0,155.01,24.07,179.08
best-available (yolo-v9-s-608 + cct-s-v2),br_PJP2783,br,under_exposure,0.761,PJP2783,PJP2783,True,1.0,162.63,17.75,180.38
best-available (yolo-v9-s-608 + cct-s-v2),br_PJP2783,br,over_exposure,0.719,PJP2783,PJP2783,True,1.0,166.59,24.22,190.8
best-available (yolo-v9-s-608 + cct-s-v2),br_PJP2783,br,perspective,0.601,PJP2783,PJP2783,True,1.0,163.59,17.4,180.99
best-available (yolo-v9-s-608 + cct-s-v2),br_PJP2783,br,combined_hard,0.762,PJP2783,PJP2783,True,1.0,162.92,21.81,184.73
best-available (yolo-v9-s-608 + cct-s-v2),br_PJJ4955,br,clean,0.878,PJJ4955,PJJ4955,True,1.0,171.56,17.88,189.44
best-available (yolo-v9-s-608 + cct-s-v2),br_PJJ4955,br,motion_blur,0.863,PJJ4955,PJJ4955,True,1.0,172.96,23.46,196.42
best-available (yolo-v9-s-608 + cct-s-v2),br_PJJ4955,br,defocus_blur,0.849,PJJ4955,PJJ4955,True,1.0,166.43,22.0,188.43
best-available (yolo-v9-s-608 + cct-s-v2),br_PJJ4955,br,low_res,0.891,PJJ4955,PJJ4955,True,1.0,180.73,21.98,202.71
best-available (yolo-v9-s-608 + cct-s-v2),br_PJJ4955,br,noise,0.861,PJJ4955,PJJ4955,True,1.0,171.28,33.93,205.21
best-available (yolo-v9-s-608 + cct-s-v2),br_PJJ4955,br,jpeg_compression,0.818,PJJ4955,PJJ4955,True,1.0,174.56,21.75,196.31
best-available (yolo-v9-s-608 + cct-s-v2),br_PJJ4955,br,under_exposure,0.873,PJJ4955,PJJ4955,True,1.0,169.46,35.25,204.72
best-available (yolo-v9-s-608 + cct-s-v2),br_PJJ4955,br,over_exposure,0.856,PJJ4955,PJJ4955,True,1.0,156.65,22.05,178.7
best-available (yolo-v9-s-608 + cct-s-v2),br_PJJ4955,br,perspective,0.588,PJJ4955,PJJ4955,True,1.0,121.36,25.89,147.25
best-available (yolo-v9-s-608 + cct-s-v2),br_PJJ4955,br,combined_hard,0.868,PJJ4955,PJJ4955,True,1.0,149.68,28.24,177.92
